"species","initial_biomass"
0,2.37595634255558
1,2.7994627088774
2,2.02569276560098
3,2.50635855016299
4,2.82122864644043
5,2.54475657618605
6,2.26668445440009
7,2.34463732200675
8,2.36917595285922
9,2.42925208457746
